request_number,field
1,natural sciences
2,medical and health sciences
3,natural sciences
4,natural sciences
5,natural sciences
6,natural sciences
7,engineering and technology
8,engineering and technology
9,medical and health sciences
10,natural sciences
11,natural sciences
12,medical and health sciences
13,natural sciences
14,natural sciences
15,natural sciences
16,medical and health sciences
17,natural sciences
18,natural sciences
19,natural sciences
20,agricultural sciences
21,natural sciences
22,engineering and technology
23,natural sciences
24,natural sciences
25,engineering and technology
26,engineering and technology
27,natural sciences
28,natural sciences
29,natural sciences
30,natural sciences
31,natural sciences
32,natural sciences
33,natural sciences
34,natural sciences
35,engineering and technology
36,engineering and technology
37,engineering and technology
38,medical and health sciences
39,engineering and technology
40,medical and health sciences
41,engineering and technology
42,agricultural sciences
43,natural sciences
44,natural sciences
45,natural sciences
46,natural sciences
47,medical and health sciences
48,medical and health sciences
49,engineering and technology
50,natural sciences
51,engineering and technology
52,natural sciences
53,natural sciences
54,engineering and technology
55,natural sciences
56,medical and health sciences
57,natural sciences
58,natural sciences
59,natural sciences
60,natural sciences
61,engineering and technology
62,natural sciences
63,engineering and technology
64,natural sciences
65,natural sciences
66,engineering and technology
67,natural sciences
68,natural sciences
69,natural sciences
70,medical and health sciences
71,natural sciences
72,natural sciences
73,engineering and technology
74,engineering and technology
75,natural sciences
76,natural sciences
77,natural sciences
78,natural sciences
79,natural sciences
80,engineering and technology
81,engineering and technology
82,natural sciences
83,engineering and technology
84,engineering and technology
85,natural sciences
86,natural sciences
87,natural sciences
88,natural sciences
89,natural sciences
90,natural sciences
91,natural sciences
92,natural sciences
93,natural sciences
94,natural sciences
95,engineering and technology
96,natural sciences
97,engineering and technology
98,natural sciences
99,natural sciences
100,natural sciences
101,engineering and technology
102,natural sciences
103,engineering and technology
104,natural sciences
105,natural sciences
106,engineering and technology
107,agricultural sciences
108,natural sciences
109,natural sciences
110,natural sciences
111,agricultural sciences
112,natural sciences
113,engineering and technology
114,natural sciences
115,natural sciences
116,engineering and technology
117,natural sciences
118,natural sciences
119,engineering and technology
120,natural sciences
121,engineering and technology
122,natural sciences
123,engineering and technology
124,engineering and technology
125,engineering and technology
126,natural sciences
127,natural sciences
128,natural sciences
129,engineering and technology
130,medical and health sciences
131,engineering and technology
132,engineering and technology
133,natural sciences
134,natural sciences
135,natural sciences
136,engineering and technology
137,natural sciences
138,engineering and technology
139,engineering and technology
140,natural sciences
141,engineering and technology
142,natural sciences
143,natural sciences
144,natural sciences
145,engineering and technology
146,engineering and technology
147,natural sciences
148,engineering and technology
149,natural sciences
150,engineering and technology
151,natural sciences
152,natural sciences
153,natural sciences
154,natural sciences
155,natural sciences
156,engineering and technology
157,engineering and technology
158,natural sciences
159,engineering and technology
160,natural sciences
161,engineering and technology
162,engineering and technology
163,medical and health sciences
164,natural sciences
165,engineering and technology
166,engineering and technology
167,natural sciences
168,engineering and technology
169,engineering and technology
170,agricultural sciences
171,engineering and technology
172,natural sciences
173,engineering and technology
174,natural sciences
175,natural sciences
176,engineering and technology
177,engineering and technology
178,natural sciences
179,natural sciences
180,engineering and technology
181,natural sciences
182,medical and health sciences
183,natural sciences
184,engineering and technology
185,engineering and technology
186,engineering and technology
187,natural sciences
188,natural sciences
189,engineering and technology
190,engineering and technology
191,natural sciences
192,natural sciences
193,natural sciences
194,natural sciences
195,natural sciences
196,engineering and technology
197,engineering and technology
198,engineering and technology
199,natural sciences
200,engineering and technology
201,natural sciences
202,medical and health sciences
203,natural sciences
204,natural sciences
205,engineering and technology
206,engineering and technology
207,natural sciences
208,natural sciences
209,natural sciences
210,natural sciences
211,natural sciences
212,engineering and technology
213,engineering and technology
214,natural sciences
215,natural sciences
216,engineering and technology
217,engineering and technology
218,medical and health sciences
219,natural sciences
220,natural sciences
221,natural sciences
222,natural sciences
223,engineering and technology
224,natural sciences
225,agricultural sciences
226,natural sciences
227,natural sciences
228,natural sciences
229,engineering and technology
230,engineering and technology
231,natural sciences
232,engineering and technology
233,engineering and technology
234,agricultural sciences
235,agricultural sciences
236,natural sciences
237,engineering and technology
238,natural sciences
239,natural sciences
240,natural sciences
241,engineering and technology
242,engineering and technology
243,natural sciences
244,engineering and technology
245,engineering and technology
246,natural sciences
247,natural sciences
248,engineering and technology
249,natural sciences
250,engineering and technology
251,natural sciences
252,engineering and technology
253,natural sciences
254,agricultural sciences
255,natural sciences
256,natural sciences
257,natural sciences
258,natural sciences
259,natural sciences
260,engineering and technology
261,natural sciences
262,engineering and technology
263,natural sciences
264,natural sciences
265,natural sciences
266,engineering and technology
267,medical and health sciences
268,engineering and technology
269,natural sciences
270,natural sciences
271,medical and health sciences
272,engineering and technology
273,natural sciences
274,natural sciences
275,engineering and technology
276,engineering and technology
277,engineering and technology
278,natural sciences
279,engineering and technology
280,engineering and technology
281,natural sciences
282,natural sciences
283,medical and health sciences
284,medical and health sciences
285,engineering and technology
286,engineering and technology
287,natural sciences
288,agricultural sciences
289,natural sciences
290,natural sciences
291,natural sciences
292,natural sciences
293,natural sciences
294,engineering and technology
295,medical and health sciences
296,natural sciences
297,engineering and technology
298,natural sciences
299,natural sciences
300,natural sciences
301,natural sciences
302,natural sciences
303,natural sciences
304,engineering and technology
305,natural sciences
306,engineering and technology
307,natural sciences
308,natural sciences
309,natural sciences
310,natural sciences
311,engineering and technology
312,natural sciences
313,engineering and technology
314,engineering and technology
315,engineering and technology
316,medical and health sciences
317,natural sciences
318,natural sciences
319,natural sciences
320,engineering and technology
321,natural sciences
322,engineering and technology
323,natural sciences
324,natural sciences
325,engineering and technology
326,natural sciences
327,engineering and technology
328,engineering and technology
329,natural sciences
330,natural sciences
331,engineering and technology
332,natural sciences
333,engineering and technology
334,natural sciences
335,natural sciences
336,engineering and technology
337,engineering and technology
338,natural sciences
339,natural sciences
340,natural sciences
341,natural sciences
342,natural sciences
343,engineering and technology
344,natural sciences
345,natural sciences
346,engineering and technology
347,engineering and technology
348,engineering and technology
349,natural sciences
350,natural sciences
351,engineering and technology
352,engineering and technology
353,engineering and technology
354,engineering and technology
355,natural sciences
356,engineering and technology
357,natural sciences
358,natural sciences
359,natural sciences
360,natural sciences
361,natural sciences
362,medical and health sciences
363,natural sciences
364,engineering and technology
365,natural sciences
366,engineering and technology
367,natural sciences
368,natural sciences
369,natural sciences
370,natural sciences
371,engineering and technology
372,natural sciences
373,engineering and technology
374,natural sciences
375,natural sciences
376,agricultural sciences
377,natural sciences
378,natural sciences
379,natural sciences
380,natural sciences
381,natural sciences
382,natural sciences
383,natural sciences
384,engineering and technology
385,natural sciences
386,natural sciences
387,medical and health sciences
388,agricultural sciences
389,engineering and technology
390,natural sciences
391,natural sciences
392,engineering and technology
393,engineering and technology
394,engineering and technology
395,engineering and technology
396,natural sciences
397,engineering and technology
398,engineering and technology
399,engineering and technology
400,engineering and technology
401,engineering and technology
402,engineering and technology
403,natural sciences
404,engineering and technology
405,agricultural sciences
406,agricultural sciences
407,engineering and technology
408,natural sciences
409,engineering and technology
410,natural sciences
411,natural sciences
412,natural sciences
413,engineering and technology
414,natural sciences
415,engineering and technology
416,engineering and technology
417,natural sciences
418,natural sciences
419,engineering and technology
420,natural sciences
421,natural sciences
422,engineering and technology
423,natural sciences
424,engineering and technology
425,natural sciences
426,natural sciences
427,natural sciences
428,engineering and technology
429,engineering and technology
430,engineering and technology
431,natural sciences
432,natural sciences
433,engineering and technology
434,natural sciences
435,engineering and technology
436,natural sciences
437,natural sciences
438,natural sciences
439,engineering and technology
440,natural sciences
441,engineering and technology
442,medical and health sciences
443,natural sciences
444,engineering and technology
445,engineering and technology
446,engineering and technology
447,natural sciences
448,engineering and technology
449,natural sciences
450,engineering and technology
451,natural sciences
452,natural sciences
453,natural sciences
454,engineering and technology
455,natural sciences
456,engineering and technology
457,natural sciences
458,natural sciences
459,natural sciences
460,engineering and technology
461,engineering and technology
462,natural sciences
463,engineering and technology
464,engineering and technology
465,natural sciences
466,natural sciences
467,natural sciences
468,natural sciences
469,agricultural sciences
470,natural sciences
471,engineering and technology
472,engineering and technology
473,natural sciences
474,natural sciences
475,engineering and technology
476,natural sciences
477,agricultural sciences
478,natural sciences
479,natural sciences
480,medical and health sciences
481,natural sciences
482,natural sciences
483,engineering and technology
484,natural sciences
485,engineering and technology
486,natural sciences
487,engineering and technology
488,engineering and technology
489,engineering and technology
490,engineering and technology
491,natural sciences
492,natural sciences
493,engineering and technology
494,natural sciences
495,natural sciences
496,natural sciences
497,natural sciences
498,natural sciences
499,engineering and technology
500,natural sciences
